{"cameraMode":{"drawMode":0,"name":"Shaded","section":"Shading Mode"},"sceneLighting":false,"audioPlay":false,"sceneViewState":{"showFog":true,"showMaterialUpdate":false,"showSkybox":false,"showFlares":true,"showImageEffects":true,"showParticleSystems":true,"showVisualEffectGraphs":true,"m_FxEnabled":true},"in2DMode":false,"pivot":{"x":-0.011170268058776856,"y":-0.017266064882278444,"z":0.048178449273109439},"rotation":{"x":-0.07587457448244095,"y":0.8803640604019165,"z":-0.15066368877887727,"w":-0.4433133602142334},"size":0.30984941124916079,"orthographic":false}