{"cameraMode":{"drawMode":0,"name":"Shaded","section":"Shading Mode"},"sceneLighting":false,"audioPlay":false,"sceneViewState":{"showFog":true,"showMaterialUpdate":false,"showSkybox":false,"showFlares":true,"showImageEffects":true,"showParticleSystems":true,"showVisualEffectGraphs":true,"m_FxEnabled":true},"in2DMode":false,"pivot":{"x":-0.11964219808578491,"y":-0.030195020139217378,"z":0.07870414853096008},"rotation":{"x":0.06554251909255982,"y":-0.6815009117126465,"z":0.06150102615356445,"w":0.7262774705886841},"size":0.3000173270702362,"orthographic":false}