{"cameraMode":{"drawMode":0,"name":"Shaded","section":"Shading Mode"},"sceneLighting":false,"audioPlay":false,"sceneViewState":{"showFog":true,"showMaterialUpdate":false,"showSkybox":false,"showFlares":true,"showImageEffects":true,"showParticleSystems":true,"showVisualEffectGraphs":true,"m_FxEnabled":true},"in2DMode":false,"pivot":{"x":0.00655364990234375,"y":-0.0016870498657226563,"z":9.374873161315918},"rotation":{"x":0.17628580331802369,"y":-0.5395022034645081,"z":0.11667083203792572,"w":0.8150389790534973},"size":19.02989387512207,"orthographic":false}